Method,Detection Time,Accuracy,Precision,Recall,F1 Score,False Alarm Rate,Expected Delay,Window Size,Threshold
Method A (At least one bus),0,0.1990521327014218,0.1990521327014218,1.0,0.33201581027667987,0.0,0.0,6,0.01
Method A (All buses),-1,0.8009478672985783,0.0,0.0,0.0,0.0,,6,0.01
Method A (p=0.1),0,0.1990521327014218,0.1990521327014218,1.0,0.33201581027667987,0.0,0.0,6,0.01
Method A (p=0.2),0,0.1990521327014218,0.1990521327014218,1.0,0.33201581027667987,0.0,0.0,6,0.01
Method A (p=0.5),0,0.20023696682464456,0.199288256227758,1.0,0.3323442136498516,0.0,0.0,6,0.01
Method A (p=0.7),0,0.2014218009478673,0.1995249406175772,1.0,0.3326732673267327,0.0,0.0,6,0.01
Method A (p=0.9),0,0.21682464454976302,0.199023199023199,0.9702380952380952,0.3302938196555218,0.0,0.0,6,0.01
Method A (At least one bus),0,0.2014218009478673,0.1995249406175772,1.0,0.3326732673267327,0.0,0.0,6,0.05
Method A (All buses),-1,0.8009478672985783,0.0,0.0,0.0,0.0,,6,0.05
Method A (p=0.1),0,0.1990521327014218,0.1990521327014218,1.0,0.33201581027667987,0.0,0.0,6,0.05
Method A (p=0.2),0,0.2014218009478673,0.1995249406175772,1.0,0.3326732673267327,0.0,0.0,6,0.05
Method A (p=0.5),0,0.2132701421800948,0.20120481927710843,0.9940476190476191,0.3346693386773547,0.0,0.0,6,0.05
Method A (p=0.7),0,0.22274881516587677,0.20098039215686275,0.9761904761904762,0.3333333333333333,0.0,0.0,6,0.05
Method A (p=0.9),0,0.4099526066350711,0.17391304347826086,0.5238095238095238,0.26112759643916916,0.0,0.0,6,0.05
Method A (At least one bus),0,0.20616113744075829,0.19904076738609114,0.9880952380952381,0.3313373253493014,0.0,0.0,6,0.1
Method A (All buses),-1,0.8009478672985783,0.0,0.0,0.0,0.0,,6,0.1
Method A (p=0.1),0,0.1990521327014218,0.1990521327014218,1.0,0.33201581027667987,0.0,0.0,6,0.1
Method A (p=0.2),0,0.20616113744075829,0.19904076738609114,0.9880952380952381,0.3313373253493014,0.0,0.0,6,0.1
Method A (p=0.5),0,0.2381516587677725,0.20275344180225283,0.9642857142857143,0.33505687693898656,0.0,0.0,6,0.1
Method A (p=0.7),0,0.2725118483412322,0.17959770114942528,0.7440476190476191,0.28935185185185186,0.0,0.0,6,0.1
Method A (p=0.9),35,0.6220379146919431,0.06857142857142857,0.07142857142857142,0.06997084548104957,0.0,35.0,6,0.1
Method A (At least one bus),0,0.22867298578199052,0.20074349442379183,0.9642857142857143,0.3323076923076923,0.0,0.0,6,0.2
Method A (All buses),-1,0.8009478672985783,0.0,0.0,0.0,0.0,,6,0.2
Method A (p=0.1),0,0.1990521327014218,0.1990521327014218,1.0,0.33201581027667987,0.0,0.0,6,0.2
Method A (p=0.2),0,0.22867298578199052,0.20074349442379183,0.9642857142857143,0.3323076923076923,0.0,0.0,6,0.2
Method A (p=0.5),0,0.30450236966824645,0.1976911976911977,0.8154761904761905,0.31823461091753774,0.0,0.0,6,0.2
Method A (p=0.7),0,0.5023696682464455,0.10377358490566038,0.19642857142857142,0.13580246913580246,0.0,0.0,6,0.2
Method A (p=0.9),37,0.7962085308056872,0.16666666666666666,0.005952380952380952,0.011494252873563218,0.0,37.0,6,0.2
Method A (At least one bus),0,0.3009478672985782,0.20448179271708683,0.8690476190476191,0.3310657596371882,0.0,0.0,6,0.4
Method A (All buses),-1,0.8009478672985783,0.0,0.0,0.0,0.0,,6,0.4
Method A (p=0.1),0,0.1990521327014218,0.1990521327014218,1.0,0.33201581027667987,0.0,0.0,6,0.4
Method A (p=0.2),0,0.3009478672985782,0.20448179271708683,0.8690476190476191,0.3310657596371882,0.0,0.0,6,0.4
Method A (p=0.5),36,0.43009478672985785,0.18762475049900199,0.5595238095238095,0.28101644245142005,0.0,36.0,6,0.4
Method A (p=0.7),85,0.7855450236966824,0.0,0.0,0.0,0.0,85.0,6,0.4
Method A (p=0.9),-1,0.8009478672985783,0.0,0.0,0.0,0.0,,6,0.4
Method A (At least one bus),0,0.20192307692307693,0.20192307692307693,1.0,0.336,0.0,0.0,12,0.01
Method A (All buses),-1,0.7980769230769231,0.0,0.0,0.0,0.0,,12,0.01
Method A (p=0.1),0,0.20192307692307693,0.20192307692307693,1.0,0.336,0.0,0.0,12,0.01
Method A (p=0.2),0,0.20192307692307693,0.20192307692307693,1.0,0.336,0.0,0.0,12,0.01
Method A (p=0.5),0,0.20192307692307693,0.20192307692307693,1.0,0.336,0.0,0.0,12,0.01
Method A (p=0.7),0,0.20192307692307693,0.20192307692307693,1.0,0.336,0.0,0.0,12,0.01
Method A (p=0.9),0,0.20192307692307693,0.20120481927710843,0.9940476190476191,0.3346693386773547,0.0,0.0,12,0.01
Method A (At least one bus),0,0.20192307692307693,0.20192307692307693,1.0,0.336,0.0,0.0,12,0.05
Method A (All buses),-1,0.7980769230769231,0.0,0.0,0.0,0.0,,12,0.05
Method A (p=0.1),0,0.20192307692307693,0.20192307692307693,1.0,0.336,0.0,0.0,12,0.05
Method A (p=0.2),0,0.20192307692307693,0.20192307692307693,1.0,0.336,0.0,0.0,12,0.05
Method A (p=0.5),0,0.20432692307692307,0.20240963855421687,1.0,0.3366733466933868,0.0,0.0,12,0.05
Method A (p=0.7),1,0.2091346153846154,0.2033898305084746,1.0,0.3380281690140845,0.0,1.0,12,0.05
Method A (p=0.9),3,0.3004807692307692,0.14554794520547945,0.5059523809523809,0.22606382978723405,0.0,3.0,12,0.05
Method A (At least one bus),0,0.20432692307692307,0.20240963855421687,1.0,0.3366733466933868,0.0,0.0,12,0.1
Method A (All buses),-1,0.7980769230769231,0.0,0.0,0.0,0.0,,12,0.1
Method A (p=0.1),0,0.20192307692307693,0.20192307692307693,1.0,0.336,0.0,0.0,12,0.1
Method A (p=0.2),0,0.20432692307692307,0.20240963855421687,1.0,0.3366733466933868,0.0,0.0,12,0.1
Method A (p=0.5),1,0.2127403846153846,0.20195838433292534,0.9821428571428571,0.3350253807106599,0.0,1.0,12,0.1
Method A (p=0.7),1,0.24759615384615385,0.17837078651685392,0.7559523809523809,0.28863636363636364,0.0,1.0,12,0.1
Method A (p=0.9),16,0.6478365384615384,0.08053691275167785,0.07142857142857142,0.07570977917981073,0.0,16.0,12,0.1
Method A (At least one bus),1,0.20793269230769232,0.20242424242424242,0.9940476190476191,0.3363544813695871,0.0,1.0,12,0.2
Method A (All buses),-1,0.7980769230769231,0.0,0.0,0.0,0.0,,12,0.2
Method A (p=0.1),0,0.20192307692307693,0.20192307692307693,1.0,0.336,0.0,0.0,12,0.2
Method A (p=0.2),1,0.20793269230769232,0.20242424242424242,0.9940476190476191,0.3363544813695871,0.0,1.0,12,0.2
Method A (p=0.5),3,0.27163461538461536,0.19667590027700832,0.8452380952380952,0.31910112359550563,0.0,3.0,12,0.2
Method A (p=0.7),3,0.5793269230769231,0.05825242718446602,0.07142857142857142,0.06417112299465241,0.0,3.0,12,0.2
Method A (p=0.9),-1,0.7980769230769231,0.0,0.0,0.0,0.0,,12,0.2
Method A (At least one bus),3,0.23798076923076922,0.19661458333333334,0.8988095238095238,0.32264957264957267,0.0,3.0,12,0.4
Method A (All buses),-1,0.7980769230769231,0.0,0.0,0.0,0.0,,12,0.4
Method A (p=0.1),0,0.20192307692307693,0.20192307692307693,1.0,0.336,0.0,0.0,12,0.4
Method A (p=0.2),3,0.23798076923076922,0.19661458333333334,0.8988095238095238,0.32264957264957267,0.0,3.0,12,0.4
Method A (p=0.5),84,0.40865384615384615,0.15086206896551724,0.4166666666666667,0.22151898734177214,0.0,84.0,12,0.4
Method A (p=0.7),-1,0.7980769230769231,0.0,0.0,0.0,0.0,,12,0.4
Method A (p=0.9),-1,0.7980769230769231,0.0,0.0,0.0,0.0,,12,0.4
Method A (At least one bus),0,0.2079207920792079,0.2079207920792079,1.0,0.3442622950819672,0.0,0.0,24,0.01
Method A (All buses),-1,0.7920792079207921,0.0,0.0,0.0,0.0,,24,0.01
Method A (p=0.1),0,0.2079207920792079,0.2079207920792079,1.0,0.3442622950819672,0.0,0.0,24,0.01
Method A (p=0.2),0,0.2079207920792079,0.2079207920792079,1.0,0.3442622950819672,0.0,0.0,24,0.01
Method A (p=0.5),0,0.2079207920792079,0.2079207920792079,1.0,0.3442622950819672,0.0,0.0,24,0.01
Method A (p=0.7),0,0.2079207920792079,0.2079207920792079,1.0,0.3442622950819672,0.0,0.0,24,0.01
Method A (p=0.9),0,0.2141089108910891,0.20921544209215442,1.0,0.34603501544799176,0.0,0.0,24,0.01
Method A (At least one bus),0,0.2079207920792079,0.2079207920792079,1.0,0.3442622950819672,0.0,0.0,24,0.05
Method A (All buses),-1,0.7920792079207921,0.0,0.0,0.0,0.0,,24,0.05
Method A (p=0.1),0,0.2079207920792079,0.2079207920792079,1.0,0.3442622950819672,0.0,0.0,24,0.05
Method A (p=0.2),0,0.2079207920792079,0.2079207920792079,1.0,0.3442622950819672,0.0,0.0,24,0.05
Method A (p=0.5),0,0.24504950495049505,0.21298701298701297,0.9761904761904762,0.34968017057569295,0.0,0.0,24,0.05
Method A (p=0.7),28,0.30074257425742573,0.18441971383147854,0.6904761904761905,0.29109159347553326,0.0,28.0,24,0.05
Method A (p=0.9),60,0.7202970297029703,0.22641509433962265,0.14285714285714285,0.17518248175182483,0.0,60.0,24,0.05
Method A (At least one bus),0,0.22277227722772278,0.21105527638190955,1.0,0.34854771784232363,0.0,0.0,24,0.1
Method A (All buses),-1,0.7920792079207921,0.0,0.0,0.0,0.0,,24,0.1
Method A (p=0.1),0,0.2079207920792079,0.2079207920792079,1.0,0.3442622950819672,0.0,0.0,24,0.1
Method A (p=0.2),0,0.22277227722772278,0.21105527638190955,1.0,0.34854771784232363,0.0,0.0,24,0.1
Method A (p=0.5),54,0.33910891089108913,0.17086330935251798,0.5654761904761905,0.26243093922651933,0.0,54.0,24,0.1
Method A (p=0.7),60,0.5952970297029703,0.136986301369863,0.17857142857142858,0.15503875968992248,0.0,60.0,24,0.1
Method A (p=0.9),-1,0.7920792079207921,0.0,0.0,0.0,0.0,,24,0.1
Method A (At least one bus),41,0.2747524752475248,0.16930379746835442,0.6369047619047619,0.2675,0.0,41.0,24,0.2
Method A (All buses),-1,0.7920792079207921,0.0,0.0,0.0,0.0,,24,0.2
Method A (p=0.1),0,0.2079207920792079,0.2079207920792079,1.0,0.3442622950819672,0.0,0.0,24,0.2
Method A (p=0.2),41,0.2747524752475248,0.16930379746835442,0.6369047619047619,0.2675,0.0,41.0,24,0.2
Method A (p=0.5),56,0.46163366336633666,0.09174311926605505,0.17857142857142858,0.12121212121212122,0.0,56.0,24,0.2
Method A (p=0.7),614,0.7883663366336634,0.0,0.0,0.0,0.0,614.0,24,0.2
Method A (p=0.9),-1,0.7920792079207921,0.0,0.0,0.0,0.0,,24,0.2
Method A (At least one bus),56,0.44183168316831684,0.08985507246376812,0.18452380952380953,0.12085769980506822,0.0,56.0,24,0.4
Method A (All buses),-1,0.7920792079207921,0.0,0.0,0.0,0.0,,24,0.4
Method A (p=0.1),0,0.2079207920792079,0.2079207920792079,1.0,0.3442622950819672,0.0,0.0,24,0.4
Method A (p=0.2),56,0.44183168316831684,0.08985507246376812,0.18452380952380953,0.12085769980506822,0.0,56.0,24,0.4
Method A (p=0.5),60,0.6707920792079208,0.0196078431372549,0.011904761904761904,0.014814814814814815,0.0,60.0,24,0.4
Method A (p=0.7),-1,0.7920792079207921,0.0,0.0,0.0,0.0,,24,0.4
Method A (p=0.9),-1,0.7920792079207921,0.0,0.0,0.0,0.0,,24,0.4
Method A (At least one bus),0,0.22105263157894736,0.22105263157894736,1.0,0.3620689655172414,0.0,0.0,48,0.01
Method A (All buses),-1,0.7789473684210526,0.0,0.0,0.0,0.0,,48,0.01
Method A (p=0.1),0,0.22105263157894736,0.22105263157894736,1.0,0.3620689655172414,0.0,0.0,48,0.01
Method A (p=0.2),0,0.22105263157894736,0.22105263157894736,1.0,0.3620689655172414,0.0,0.0,48,0.01
Method A (p=0.5),0,0.22105263157894736,0.22105263157894736,1.0,0.3620689655172414,0.0,0.0,48,0.01
Method A (p=0.7),0,0.22105263157894736,0.22105263157894736,1.0,0.3620689655172414,0.0,0.0,48,0.01
Method A (p=0.9),0,0.2236842105263158,0.22163588390501318,1.0,0.36285097192224625,0.0,0.0,48,0.01
Method A (At least one bus),0,0.22105263157894736,0.22105263157894736,1.0,0.3620689655172414,0.0,0.0,48,0.05
Method A (All buses),-1,0.7789473684210526,0.0,0.0,0.0,0.0,,48,0.05
Method A (p=0.1),0,0.22105263157894736,0.22105263157894736,1.0,0.3620689655172414,0.0,0.0,48,0.05
Method A (p=0.2),0,0.22105263157894736,0.22105263157894736,1.0,0.3620689655172414,0.0,0.0,48,0.05
Method A (p=0.5),0,0.2236842105263158,0.22015915119363394,0.9880952380952381,0.3600867678958785,0.0,0.0,48,0.05
Method A (p=0.7),1,0.33421052631578946,0.22019867549668873,0.7916666666666666,0.344559585492228,0.0,1.0,48,0.05
Method A (p=0.9),35,0.7328947368421053,0.3118279569892473,0.17261904761904762,0.2222222222222222,0.0,35.0,48,0.05
Method A (At least one bus),0,0.22631578947368422,0.2222222222222222,1.0,0.36363636363636365,0.0,0.0,48,0.1
Method A (All buses),-1,0.7789473684210526,0.0,0.0,0.0,0.0,,48,0.1
Method A (p=0.1),0,0.22105263157894736,0.22105263157894736,1.0,0.3620689655172414,0.0,0.0,48,0.1
Method A (p=0.2),0,0.22631578947368422,0.2222222222222222,1.0,0.36363636363636365,0.0,0.0,48,0.1
Method A (p=0.5),8,0.2736842105263158,0.18627450980392157,0.6785714285714286,0.2923076923076923,0.0,8.0,48,0.1
Method A (p=0.7),34,0.6776315789473685,0.3175355450236967,0.39880952380952384,0.35356200527704484,0.0,34.0,48,0.1
Method A (p=0.9),-1,0.7789473684210526,0.0,0.0,0.0,0.0,,48,0.1
Method A (At least one bus),6,0.2657894736842105,0.2027439024390244,0.7916666666666666,0.32281553398058255,0.0,6.0,48,0.2
Method A (All buses),-1,0.7789473684210526,0.0,0.0,0.0,0.0,,48,0.2
Method A (p=0.1),0,0.22105263157894736,0.22105263157894736,1.0,0.3620689655172414,0.0,0.0,48,0.2
Method A (p=0.2),6,0.2657894736842105,0.2027439024390244,0.7916666666666666,0.32281553398058255,0.0,6.0,48,0.2
Method A (p=0.5),11,0.44605263157894737,0.15902964959568733,0.35119047619047616,0.2189239332096475,0.0,11.0,48,0.2
Method A (p=0.7),-1,0.7789473684210526,0.0,0.0,0.0,0.0,,48,0.2
Method A (p=0.9),-1,0.7789473684210526,0.0,0.0,0.0,0.0,,48,0.2
Method A (At least one bus),10,0.3960526315789474,0.1543942992874109,0.3869047619047619,0.22071307300509338,0.0,10.0,48,0.4
Method A (All buses),-1,0.7789473684210526,0.0,0.0,0.0,0.0,,48,0.4
Method A (p=0.1),0,0.22105263157894736,0.22105263157894736,1.0,0.3620689655172414,0.0,0.0,48,0.4
Method A (p=0.2),10,0.3960526315789474,0.1543942992874109,0.3869047619047619,0.22071307300509338,0.0,10.0,48,0.4
Method A (p=0.5),36,0.6894736842105263,0.1792452830188679,0.1130952380952381,0.1386861313868613,0.0,36.0,48,0.4
Method A (p=0.7),-1,0.7789473684210526,0.0,0.0,0.0,0.0,,48,0.4
Method A (p=0.9),-1,0.7789473684210526,0.0,0.0,0.0,0.0,,48,0.4
Method A (At least one bus),0,0.25301204819277107,0.25301204819277107,1.0,0.40384615384615385,0.0,0.0,96,0.01
Method A (All buses),-1,0.7469879518072289,0.0,0.0,0.0,0.0,,96,0.01
Method A (p=0.1),0,0.25301204819277107,0.25301204819277107,1.0,0.40384615384615385,0.0,0.0,96,0.01
Method A (p=0.2),0,0.25301204819277107,0.25301204819277107,1.0,0.40384615384615385,0.0,0.0,96,0.01
Method A (p=0.5),0,0.25301204819277107,0.25301204819277107,1.0,0.40384615384615385,0.0,0.0,96,0.01
Method A (p=0.7),0,0.25301204819277107,0.25301204819277107,1.0,0.40384615384615385,0.0,0.0,96,0.01
Method A (p=0.9),0,0.25301204819277107,0.25301204819277107,1.0,0.40384615384615385,0.0,0.0,96,0.01
Method A (At least one bus),0,0.25301204819277107,0.25301204819277107,1.0,0.40384615384615385,0.0,0.0,96,0.05
Method A (All buses),-1,0.7469879518072289,0.0,0.0,0.0,0.0,,96,0.05
Method A (p=0.1),0,0.25301204819277107,0.25301204819277107,1.0,0.40384615384615385,0.0,0.0,96,0.05
Method A (p=0.2),0,0.25301204819277107,0.25301204819277107,1.0,0.40384615384615385,0.0,0.0,96,0.05
Method A (p=0.5),0,0.30271084337349397,0.2662440570522979,1.0,0.42052565707133915,0.0,0.0,96,0.05
Method A (p=0.7),0,0.3795180722891566,0.2662835249042146,0.8273809523809523,0.4028985507246377,0.0,0.0,96,0.05
Method A (p=0.9),0,0.7816265060240963,0.632183908045977,0.3273809523809524,0.43137254901960786,0.0,0.0,96,0.05
Method A (At least one bus),0,0.26656626506024095,0.2564885496183206,1.0,0.4082624544349939,0.0,0.0,96,0.1
Method A (All buses),-1,0.7469879518072289,0.0,0.0,0.0,0.0,,96,0.1
Method A (p=0.1),0,0.25301204819277107,0.25301204819277107,1.0,0.40384615384615385,0.0,0.0,96,0.1
Method A (p=0.2),0,0.26656626506024095,0.2564885496183206,1.0,0.4082624544349939,0.0,0.0,96,0.1
Method A (p=0.5),0,0.42018072289156627,0.28932038834951457,0.8869047619047619,0.4363103953147877,0.0,0.0,96,0.1
Method A (p=0.7),0,0.6927710843373494,0.41262135922330095,0.5059523809523809,0.45454545454545453,0.0,0.0,96,0.1
Method A (p=0.9),-1,0.7469879518072289,0.0,0.0,0.0,0.0,,96,0.1
Method A (At least one bus),0,0.3810240963855422,0.2786885245901639,0.9107142857142857,0.42677824267782427,0.0,0.0,96,0.2
Method A (All buses),-1,0.7469879518072289,0.0,0.0,0.0,0.0,,96,0.2
Method A (p=0.1),0,0.25301204819277107,0.25301204819277107,1.0,0.40384615384615385,0.0,0.0,96,0.2
Method A (p=0.2),0,0.3810240963855422,0.2786885245901639,0.9107142857142857,0.42677824267782427,0.0,0.0,96,0.2
Method A (p=0.5),0,0.5346385542168675,0.1780821917808219,0.23214285714285715,0.20155038759689922,0.0,0.0,96,0.2
Method A (p=0.7),-1,0.7469879518072289,0.0,0.0,0.0,0.0,,96,0.2
Method A (p=0.9),-1,0.7469879518072289,0.0,0.0,0.0,0.0,,96,0.2
Method A (At least one bus),0,0.5843373493975904,0.32,0.5714285714285714,0.41025641025641024,0.0,0.0,96,0.4
Method A (All buses),-1,0.7469879518072289,0.0,0.0,0.0,0.0,,96,0.4
Method A (p=0.1),0,0.25301204819277107,0.25301204819277107,1.0,0.40384615384615385,0.0,0.0,96,0.4
Method A (p=0.2),0,0.5843373493975904,0.32,0.5714285714285714,0.41025641025641024,0.0,0.0,96,0.4
Method A (p=0.5),0,0.7228915662650602,0.0,0.0,0.0,0.0,0.0,96,0.4
Method A (p=0.7),-1,0.7469879518072289,0.0,0.0,0.0,0.0,,96,0.4
Method A (p=0.9),-1,0.7469879518072289,0.0,0.0,0.0,0.0,,96,0.4
"Method B (average, average)",-1,0.8009478672985783,0.0,0.0,0.0,0.0,,6,0.01
"Method B (average, minimum)",0,0.1990521327014218,0.1990521327014218,1.0,0.33201581027667987,0.0,0.0,6,0.01
"Method B (average, maximum)",-1,0.8009478672985783,0.0,0.0,0.0,0.0,,6,0.01
"Method B (average, median)",-1,0.8009478672985783,0.0,0.0,0.0,0.0,,6,0.01
"Method B (median, average)",737,0.6741706161137441,0.0,0.0,0.0,0.0,737.0,6,0.01
"Method B (median, minimum)",0,0.1990521327014218,0.1990521327014218,1.0,0.33201581027667987,0.0,0.0,6,0.01
"Method B (median, maximum)",-1,0.8009478672985783,0.0,0.0,0.0,0.0,,6,0.01
"Method B (median, median)",-1,0.8009478672985783,0.0,0.0,0.0,0.0,,6,0.01
"Method B (outlier_detection, average)",738,0.6753554502369669,0.0,0.0,0.0,0.0,738.0,6,0.01
"Method B (outlier_detection, minimum)",0,0.1990521327014218,0.1990521327014218,1.0,0.33201581027667987,0.0,0.0,6,0.01
"Method B (outlier_detection, maximum)",-1,0.8009478672985783,0.0,0.0,0.0,0.0,,6,0.01
"Method B (outlier_detection, median)",-1,0.8009478672985783,0.0,0.0,0.0,0.0,,6,0.01
"Method B (average, average)",-1,0.8009478672985783,0.0,0.0,0.0,0.0,,6,0.05
"Method B (average, minimum)",0,0.1990521327014218,0.1990521327014218,1.0,0.33201581027667987,0.0,0.0,6,0.05
"Method B (average, maximum)",-1,0.8009478672985783,0.0,0.0,0.0,0.0,,6,0.05
"Method B (average, median)",-1,0.8009478672985783,0.0,0.0,0.0,0.0,,6,0.05
"Method B (median, average)",740,0.6777251184834123,0.0,0.0,0.0,0.0,740.0,6,0.05
"Method B (median, minimum)",0,0.1990521327014218,0.1990521327014218,1.0,0.33201581027667987,0.0,0.0,6,0.05
"Method B (median, maximum)",-1,0.8009478672985783,0.0,0.0,0.0,0.0,,6,0.05
"Method B (median, median)",-1,0.8009478672985783,0.0,0.0,0.0,0.0,,6,0.05
"Method B (outlier_detection, average)",739,0.6765402843601895,0.0,0.0,0.0,0.0,739.0,6,0.05
"Method B (outlier_detection, minimum)",0,0.1990521327014218,0.1990521327014218,1.0,0.33201581027667987,0.0,0.0,6,0.05
"Method B (outlier_detection, maximum)",-1,0.8009478672985783,0.0,0.0,0.0,0.0,,6,0.05
"Method B (outlier_detection, median)",-1,0.8009478672985783,0.0,0.0,0.0,0.0,,6,0.05
"Method B (average, average)",-1,0.8009478672985783,0.0,0.0,0.0,0.0,,6,0.1
"Method B (average, minimum)",0,0.1990521327014218,0.1990521327014218,1.0,0.33201581027667987,0.0,0.0,6,0.1
"Method B (average, maximum)",-1,0.8009478672985783,0.0,0.0,0.0,0.0,,6,0.1
"Method B (average, median)",-1,0.8009478672985783,0.0,0.0,0.0,0.0,,6,0.1
"Method B (median, average)",772,0.7156398104265402,0.0,0.0,0.0,0.0,772.0,6,0.1
"Method B (median, minimum)",0,0.1990521327014218,0.1990521327014218,1.0,0.33201581027667987,0.0,0.0,6,0.1
"Method B (median, maximum)",-1,0.8009478672985783,0.0,0.0,0.0,0.0,,6,0.1
"Method B (median, median)",-1,0.8009478672985783,0.0,0.0,0.0,0.0,,6,0.1
"Method B (outlier_detection, average)",-1,0.8009478672985783,0.0,0.0,0.0,0.0,,6,0.1
"Method B (outlier_detection, minimum)",0,0.1990521327014218,0.1990521327014218,1.0,0.33201581027667987,0.0,0.0,6,0.1
"Method B (outlier_detection, maximum)",-1,0.8009478672985783,0.0,0.0,0.0,0.0,,6,0.1
"Method B (outlier_detection, median)",-1,0.8009478672985783,0.0,0.0,0.0,0.0,,6,0.1
"Method B (average, average)",-1,0.8009478672985783,0.0,0.0,0.0,0.0,,6,0.2
"Method B (average, minimum)",0,0.1990521327014218,0.1990521327014218,1.0,0.33201581027667987,0.0,0.0,6,0.2
"Method B (average, maximum)",-1,0.8009478672985783,0.0,0.0,0.0,0.0,,6,0.2
"Method B (average, median)",-1,0.8009478672985783,0.0,0.0,0.0,0.0,,6,0.2
"Method B (median, average)",842,0.7985781990521327,0.0,0.0,0.0,0.0,842.0,6,0.2
"Method B (median, minimum)",0,0.1990521327014218,0.1990521327014218,1.0,0.33201581027667987,0.0,0.0,6,0.2
"Method B (median, maximum)",-1,0.8009478672985783,0.0,0.0,0.0,0.0,,6,0.2
"Method B (median, median)",-1,0.8009478672985783,0.0,0.0,0.0,0.0,,6,0.2
"Method B (outlier_detection, average)",-1,0.8009478672985783,0.0,0.0,0.0,0.0,,6,0.2
"Method B (outlier_detection, minimum)",0,0.1990521327014218,0.1990521327014218,1.0,0.33201581027667987,0.0,0.0,6,0.2
"Method B (outlier_detection, maximum)",-1,0.8009478672985783,0.0,0.0,0.0,0.0,,6,0.2
"Method B (outlier_detection, median)",-1,0.8009478672985783,0.0,0.0,0.0,0.0,,6,0.2
"Method B (average, average)",-1,0.8009478672985783,0.0,0.0,0.0,0.0,,6,0.4
"Method B (average, minimum)",0,0.1990521327014218,0.1990521327014218,1.0,0.33201581027667987,0.0,0.0,6,0.4
"Method B (average, maximum)",-1,0.8009478672985783,0.0,0.0,0.0,0.0,,6,0.4
"Method B (average, median)",712,0.6445497630331753,0.0,0.0,0.0,0.0,712.0,6,0.4
"Method B (median, average)",-1,0.8009478672985783,0.0,0.0,0.0,0.0,,6,0.4
"Method B (median, minimum)",28,0.23222748815165878,0.20588235294117646,1.0,0.34146341463414637,0.0,28.0,6,0.4
"Method B (median, maximum)",-1,0.8009478672985783,0.0,0.0,0.0,0.0,,6,0.4
"Method B (median, median)",-1,0.8009478672985783,0.0,0.0,0.0,0.0,,6,0.4
"Method B (outlier_detection, average)",-1,0.8009478672985783,0.0,0.0,0.0,0.0,,6,0.4
"Method B (outlier_detection, minimum)",0,0.1990521327014218,0.1990521327014218,1.0,0.33201581027667987,0.0,0.0,6,0.4
"Method B (outlier_detection, maximum)",-1,0.8009478672985783,0.0,0.0,0.0,0.0,,6,0.4
"Method B (outlier_detection, median)",712,0.6445497630331753,0.0,0.0,0.0,0.0,712.0,6,0.4
"Method B (average, average)",-1,0.7980769230769231,0.0,0.0,0.0,0.0,,12,0.01
"Method B (average, minimum)",0,0.20192307692307693,0.20192307692307693,1.0,0.336,0.0,0.0,12,0.01
"Method B (average, maximum)",-1,0.7980769230769231,0.0,0.0,0.0,0.0,,12,0.01
"Method B (average, median)",-1,0.7980769230769231,0.0,0.0,0.0,0.0,,12,0.01
"Method B (median, average)",727,0.671875,0.0,0.0,0.0,0.0,727.0,12,0.01
"Method B (median, minimum)",0,0.20192307692307693,0.20192307692307693,1.0,0.336,0.0,0.0,12,0.01
"Method B (median, maximum)",-1,0.7980769230769231,0.0,0.0,0.0,0.0,,12,0.01
"Method B (median, median)",-1,0.7980769230769231,0.0,0.0,0.0,0.0,,12,0.01
"Method B (outlier_detection, average)",-1,0.7980769230769231,0.0,0.0,0.0,0.0,,12,0.01
"Method B (outlier_detection, minimum)",0,0.20192307692307693,0.20192307692307693,1.0,0.336,0.0,0.0,12,0.01
"Method B (outlier_detection, maximum)",-1,0.7980769230769231,0.0,0.0,0.0,0.0,,12,0.01
"Method B (outlier_detection, median)",-1,0.7980769230769231,0.0,0.0,0.0,0.0,,12,0.01
"Method B (average, average)",-1,0.7980769230769231,0.0,0.0,0.0,0.0,,12,0.05
"Method B (average, minimum)",0,0.20192307692307693,0.20192307692307693,1.0,0.336,0.0,0.0,12,0.05
"Method B (average, maximum)",-1,0.7980769230769231,0.0,0.0,0.0,0.0,,12,0.05
"Method B (average, median)",-1,0.7980769230769231,0.0,0.0,0.0,0.0,,12,0.05
"Method B (median, average)",719,0.6622596153846154,0.0,0.0,0.0,0.0,719.0,12,0.05
"Method B (median, minimum)",0,0.20192307692307693,0.20192307692307693,1.0,0.336,0.0,0.0,12,0.05
"Method B (median, maximum)",-1,0.7980769230769231,0.0,0.0,0.0,0.0,,12,0.05
"Method B (median, median)",-1,0.7980769230769231,0.0,0.0,0.0,0.0,,12,0.05
"Method B (outlier_detection, average)",728,0.6730769230769231,0.0,0.0,0.0,0.0,728.0,12,0.05
"Method B (outlier_detection, minimum)",0,0.20192307692307693,0.20192307692307693,1.0,0.336,0.0,0.0,12,0.05
"Method B (outlier_detection, maximum)",-1,0.7980769230769231,0.0,0.0,0.0,0.0,,12,0.05
"Method B (outlier_detection, median)",-1,0.7980769230769231,0.0,0.0,0.0,0.0,,12,0.05
"Method B (average, average)",-1,0.7980769230769231,0.0,0.0,0.0,0.0,,12,0.1
"Method B (average, minimum)",0,0.20192307692307693,0.20192307692307693,1.0,0.336,0.0,0.0,12,0.1
"Method B (average, maximum)",-1,0.7980769230769231,0.0,0.0,0.0,0.0,,12,0.1
"Method B (average, median)",-1,0.7980769230769231,0.0,0.0,0.0,0.0,,12,0.1
"Method B (median, average)",731,0.6766826923076923,0.0,0.0,0.0,0.0,731.0,12,0.1
"Method B (median, minimum)",1,0.203125,0.20216606498194944,1.0,0.33633633633633636,0.0,1.0,12,0.1
"Method B (median, maximum)",-1,0.7980769230769231,0.0,0.0,0.0,0.0,,12,0.1
"Method B (median, median)",-1,0.7980769230769231,0.0,0.0,0.0,0.0,,12,0.1
"Method B (outlier_detection, average)",-1,0.7980769230769231,0.0,0.0,0.0,0.0,,12,0.1
"Method B (outlier_detection, minimum)",0,0.20192307692307693,0.20192307692307693,1.0,0.336,0.0,0.0,12,0.1
"Method B (outlier_detection, maximum)",-1,0.7980769230769231,0.0,0.0,0.0,0.0,,12,0.1
"Method B (outlier_detection, median)",-1,0.7980769230769231,0.0,0.0,0.0,0.0,,12,0.1
"Method B (average, average)",-1,0.7980769230769231,0.0,0.0,0.0,0.0,,12,0.2
"Method B (average, minimum)",1,0.203125,0.20216606498194944,1.0,0.33633633633633636,0.0,1.0,12,0.2
"Method B (average, maximum)",-1,0.7980769230769231,0.0,0.0,0.0,0.0,,12,0.2
"Method B (average, median)",811,0.7728365384615384,0.0,0.0,0.0,0.0,811.0,12,0.2
"Method B (median, average)",-1,0.7980769230769231,0.0,0.0,0.0,0.0,,12,0.2
"Method B (median, minimum)",3,0.20552884615384615,0.20265379975874548,1.0,0.3370110330992979,0.0,3.0,12,0.2
"Method B (median, maximum)",-1,0.7980769230769231,0.0,0.0,0.0,0.0,,12,0.2
"Method B (median, median)",-1,0.7980769230769231,0.0,0.0,0.0,0.0,,12,0.2
"Method B (outlier_detection, average)",-1,0.7980769230769231,0.0,0.0,0.0,0.0,,12,0.2
"Method B (outlier_detection, minimum)",1,0.203125,0.20216606498194944,1.0,0.33633633633633636,0.0,1.0,12,0.2
"Method B (outlier_detection, maximum)",-1,0.7980769230769231,0.0,0.0,0.0,0.0,,12,0.2
"Method B (outlier_detection, median)",811,0.7728365384615384,0.0,0.0,0.0,0.0,811.0,12,0.2
"Method B (average, average)",-1,0.7980769230769231,0.0,0.0,0.0,0.0,,12,0.4
"Method B (average, minimum)",3,0.20552884615384615,0.20265379975874548,1.0,0.3370110330992979,0.0,3.0,12,0.4
"Method B (average, maximum)",-1,0.7980769230769231,0.0,0.0,0.0,0.0,,12,0.4
"Method B (average, median)",619,0.5420673076923077,0.0,0.0,0.0,0.0,619.0,12,0.4
"Method B (median, average)",-1,0.7980769230769231,0.0,0.0,0.0,0.0,,12,0.4
"Method B (median, minimum)",84,0.30288461538461536,0.22459893048128343,1.0,0.36681222707423583,0.0,84.0,12,0.4
"Method B (median, maximum)",-1,0.7980769230769231,0.0,0.0,0.0,0.0,,12,0.4
"Method B (median, median)",-1,0.7980769230769231,0.0,0.0,0.0,0.0,,12,0.4
"Method B (outlier_detection, average)",-1,0.7980769230769231,0.0,0.0,0.0,0.0,,12,0.4
"Method B (outlier_detection, minimum)",3,0.20552884615384615,0.20265379975874548,1.0,0.3370110330992979,0.0,3.0,12,0.4
"Method B (outlier_detection, maximum)",-1,0.7980769230769231,0.0,0.0,0.0,0.0,,12,0.4
"Method B (outlier_detection, median)",619,0.5420673076923077,0.0,0.0,0.0,0.0,619.0,12,0.4
"Method B (average, average)",-1,0.7920792079207921,0.0,0.0,0.0,0.0,,24,0.01
"Method B (average, minimum)",0,0.2079207920792079,0.2079207920792079,1.0,0.3442622950819672,0.0,0.0,24,0.01
"Method B (average, maximum)",-1,0.7920792079207921,0.0,0.0,0.0,0.0,,24,0.01
"Method B (average, median)",-1,0.7920792079207921,0.0,0.0,0.0,0.0,,24,0.01
"Method B (median, average)",706,0.6658415841584159,0.0,0.0,0.0,0.0,706.0,24,0.01
"Method B (median, minimum)",0,0.2079207920792079,0.2079207920792079,1.0,0.3442622950819672,0.0,0.0,24,0.01
"Method B (median, maximum)",-1,0.7920792079207921,0.0,0.0,0.0,0.0,,24,0.01
"Method B (median, median)",-1,0.7920792079207921,0.0,0.0,0.0,0.0,,24,0.01
"Method B (outlier_detection, average)",-1,0.7920792079207921,0.0,0.0,0.0,0.0,,24,0.01
"Method B (outlier_detection, minimum)",0,0.2079207920792079,0.2079207920792079,1.0,0.3442622950819672,0.0,0.0,24,0.01
"Method B (outlier_detection, maximum)",-1,0.7920792079207921,0.0,0.0,0.0,0.0,,24,0.01
"Method B (outlier_detection, median)",-1,0.7920792079207921,0.0,0.0,0.0,0.0,,24,0.01
"Method B (average, average)",-1,0.7920792079207921,0.0,0.0,0.0,0.0,,24,0.05
"Method B (average, minimum)",0,0.2079207920792079,0.2079207920792079,1.0,0.3442622950819672,0.0,0.0,24,0.05
"Method B (average, maximum)",-1,0.7920792079207921,0.0,0.0,0.0,0.0,,24,0.05
"Method B (average, median)",-1,0.7920792079207921,0.0,0.0,0.0,0.0,,24,0.05
"Method B (median, average)",699,0.6571782178217822,0.0,0.0,0.0,0.0,699.0,24,0.05
"Method B (median, minimum)",0,0.2079207920792079,0.2079207920792079,1.0,0.3442622950819672,0.0,0.0,24,0.05
"Method B (median, maximum)",-1,0.7920792079207921,0.0,0.0,0.0,0.0,,24,0.05
"Method B (median, median)",-1,0.7920792079207921,0.0,0.0,0.0,0.0,,24,0.05
"Method B (outlier_detection, average)",-1,0.7920792079207921,0.0,0.0,0.0,0.0,,24,0.05
"Method B (outlier_detection, minimum)",0,0.2079207920792079,0.2079207920792079,1.0,0.3442622950819672,0.0,0.0,24,0.05
"Method B (outlier_detection, maximum)",-1,0.7920792079207921,0.0,0.0,0.0,0.0,,24,0.05
"Method B (outlier_detection, median)",-1,0.7920792079207921,0.0,0.0,0.0,0.0,,24,0.05
"Method B (average, average)",-1,0.7920792079207921,0.0,0.0,0.0,0.0,,24,0.1
"Method B (average, minimum)",0,0.2079207920792079,0.2079207920792079,1.0,0.3442622950819672,0.0,0.0,24,0.1
"Method B (average, maximum)",-1,0.7920792079207921,0.0,0.0,0.0,0.0,,24,0.1
"Method B (average, median)",722,0.6856435643564357,0.0,0.0,0.0,0.0,722.0,24,0.1
"Method B (median, average)",-1,0.7920792079207921,0.0,0.0,0.0,0.0,,24,0.1
"Method B (median, minimum)",54,0.2747524752475248,0.22281167108753316,1.0,0.3644251626898048,0.0,54.0,24,0.1
"Method B (median, maximum)",-1,0.7920792079207921,0.0,0.0,0.0,0.0,,24,0.1
"Method B (median, median)",-1,0.7920792079207921,0.0,0.0,0.0,0.0,,24,0.1
"Method B (outlier_detection, average)",-1,0.7920792079207921,0.0,0.0,0.0,0.0,,24,0.1
"Method B (outlier_detection, minimum)",0,0.2079207920792079,0.2079207920792079,1.0,0.3442622950819672,0.0,0.0,24,0.1
"Method B (outlier_detection, maximum)",-1,0.7920792079207921,0.0,0.0,0.0,0.0,,24,0.1
"Method B (outlier_detection, median)",722,0.6856435643564357,0.0,0.0,0.0,0.0,722.0,24,0.1
"Method B (average, average)",-1,0.7920792079207921,0.0,0.0,0.0,0.0,,24,0.2
"Method B (average, minimum)",41,0.25866336633663367,0.21903520208604954,1.0,0.3593582887700535,0.0,41.0,24,0.2
"Method B (average, maximum)",-1,0.7920792079207921,0.0,0.0,0.0,0.0,,24,0.2
"Method B (average, median)",625,0.5655940594059405,0.0,0.0,0.0,0.0,625.0,24,0.2
"Method B (median, average)",-1,0.7920792079207921,0.0,0.0,0.0,0.0,,24,0.2
"Method B (median, minimum)",56,0.27722772277227725,0.22340425531914893,1.0,0.3652173913043478,0.0,56.0,24,0.2
"Method B (median, maximum)",-1,0.7920792079207921,0.0,0.0,0.0,0.0,,24,0.2
"Method B (median, median)",-1,0.7920792079207921,0.0,0.0,0.0,0.0,,24,0.2
"Method B (outlier_detection, average)",-1,0.7920792079207921,0.0,0.0,0.0,0.0,,24,0.2
"Method B (outlier_detection, minimum)",41,0.25866336633663367,0.21903520208604954,1.0,0.3593582887700535,0.0,41.0,24,0.2
"Method B (outlier_detection, maximum)",-1,0.7920792079207921,0.0,0.0,0.0,0.0,,24,0.2
"Method B (outlier_detection, median)",625,0.5655940594059405,0.0,0.0,0.0,0.0,625.0,24,0.2
"Method B (average, average)",-1,0.7920792079207921,0.0,0.0,0.0,0.0,,24,0.4
"Method B (average, minimum)",56,0.27722772277227725,0.22340425531914893,1.0,0.3652173913043478,0.0,56.0,24,0.4
"Method B (average, maximum)",-1,0.7920792079207921,0.0,0.0,0.0,0.0,,24,0.4
"Method B (average, median)",403,0.7066831683168316,0.4148148148148148,1.0,0.5863874345549738,0.0,403.0,24,0.4
"Method B (median, average)",-1,0.7920792079207921,0.0,0.0,0.0,0.0,,24,0.4
"Method B (median, minimum)",60,0.28217821782178215,0.22459893048128343,1.0,0.36681222707423583,0.0,60.0,24,0.4
"Method B (median, maximum)",-1,0.7920792079207921,0.0,0.0,0.0,0.0,,24,0.4
"Method B (median, median)",-1,0.7920792079207921,0.0,0.0,0.0,0.0,,24,0.4
"Method B (outlier_detection, average)",-1,0.7920792079207921,0.0,0.0,0.0,0.0,,24,0.4
"Method B (outlier_detection, minimum)",56,0.27722772277227725,0.22340425531914893,1.0,0.3652173913043478,0.0,56.0,24,0.4
"Method B (outlier_detection, maximum)",-1,0.7920792079207921,0.0,0.0,0.0,0.0,,24,0.4
"Method B (outlier_detection, median)",410,0.6138613861386139,0.16666666666666666,0.21428571428571427,0.1875,0.0,410.0,24,0.4
"Method B (average, average)",-1,0.7789473684210526,0.0,0.0,0.0,0.0,,48,0.01
"Method B (average, minimum)",0,0.22105263157894736,0.22105263157894736,1.0,0.3620689655172414,0.0,0.0,48,0.01
"Method B (average, maximum)",-1,0.7789473684210526,0.0,0.0,0.0,0.0,,48,0.01
"Method B (average, median)",-1,0.7789473684210526,0.0,0.0,0.0,0.0,,48,0.01
"Method B (median, average)",664,0.6526315789473685,0.0,0.0,0.0,0.0,664.0,48,0.01
"Method B (median, minimum)",0,0.22105263157894736,0.22105263157894736,1.0,0.3620689655172414,0.0,0.0,48,0.01
"Method B (median, maximum)",-1,0.7789473684210526,0.0,0.0,0.0,0.0,,48,0.01
"Method B (median, median)",-1,0.7789473684210526,0.0,0.0,0.0,0.0,,48,0.01
"Method B (outlier_detection, average)",-1,0.7789473684210526,0.0,0.0,0.0,0.0,,48,0.01
"Method B (outlier_detection, minimum)",0,0.22105263157894736,0.22105263157894736,1.0,0.3620689655172414,0.0,0.0,48,0.01
"Method B (outlier_detection, maximum)",-1,0.7789473684210526,0.0,0.0,0.0,0.0,,48,0.01
"Method B (outlier_detection, median)",-1,0.7789473684210526,0.0,0.0,0.0,0.0,,48,0.01
"Method B (average, average)",-1,0.7789473684210526,0.0,0.0,0.0,0.0,,48,0.05
"Method B (average, minimum)",0,0.22105263157894736,0.22105263157894736,1.0,0.3620689655172414,0.0,0.0,48,0.05
"Method B (average, maximum)",-1,0.7789473684210526,0.0,0.0,0.0,0.0,,48,0.05
"Method B (average, median)",-1,0.7789473684210526,0.0,0.0,0.0,0.0,,48,0.05
"Method B (median, average)",659,0.6460526315789473,0.0,0.0,0.0,0.0,659.0,48,0.05
"Method B (median, minimum)",0,0.22105263157894736,0.22105263157894736,1.0,0.3620689655172414,0.0,0.0,48,0.05
"Method B (median, maximum)",-1,0.7789473684210526,0.0,0.0,0.0,0.0,,48,0.05
"Method B (median, median)",-1,0.7789473684210526,0.0,0.0,0.0,0.0,,48,0.05
"Method B (outlier_detection, average)",-1,0.7789473684210526,0.0,0.0,0.0,0.0,,48,0.05
"Method B (outlier_detection, minimum)",0,0.22105263157894736,0.22105263157894736,1.0,0.3620689655172414,0.0,0.0,48,0.05
"Method B (outlier_detection, maximum)",-1,0.7789473684210526,0.0,0.0,0.0,0.0,,48,0.05
"Method B (outlier_detection, median)",-1,0.7789473684210526,0.0,0.0,0.0,0.0,,48,0.05
"Method B (average, average)",-1,0.7789473684210526,0.0,0.0,0.0,0.0,,48,0.1
"Method B (average, minimum)",0,0.22105263157894736,0.22105263157894736,1.0,0.3620689655172414,0.0,0.0,48,0.1
"Method B (average, maximum)",-1,0.7789473684210526,0.0,0.0,0.0,0.0,,48,0.1
"Method B (average, median)",725,0.7328947368421053,0.0,0.0,0.0,0.0,725.0,48,0.1
"Method B (median, average)",-1,0.7789473684210526,0.0,0.0,0.0,0.0,,48,0.1
"Method B (median, minimum)",8,0.23157894736842105,0.22340425531914893,1.0,0.3652173913043478,0.0,8.0,48,0.1
"Method B (median, maximum)",-1,0.7789473684210526,0.0,0.0,0.0,0.0,,48,0.1
"Method B (median, median)",-1,0.7789473684210526,0.0,0.0,0.0,0.0,,48,0.1
"Method B (outlier_detection, average)",-1,0.7789473684210526,0.0,0.0,0.0,0.0,,48,0.1
"Method B (outlier_detection, minimum)",0,0.22105263157894736,0.22105263157894736,1.0,0.3620689655172414,0.0,0.0,48,0.1
"Method B (outlier_detection, maximum)",-1,0.7789473684210526,0.0,0.0,0.0,0.0,,48,0.1
"Method B (outlier_detection, median)",725,0.7328947368421053,0.0,0.0,0.0,0.0,725.0,48,0.1
"Method B (average, average)",-1,0.7789473684210526,0.0,0.0,0.0,0.0,,48,0.2
"Method B (average, minimum)",6,0.22894736842105262,0.22281167108753316,1.0,0.3644251626898048,0.0,6.0,48,0.2
"Method B (average, maximum)",-1,0.7789473684210526,0.0,0.0,0.0,0.0,,48,0.2
"Method B (average, median)",579,0.5407894736842105,0.0,0.0,0.0,0.0,579.0,48,0.2
"Method B (median, average)",-1,0.7789473684210526,0.0,0.0,0.0,0.0,,48,0.2
"Method B (median, minimum)",11,0.2355263157894737,0.22429906542056074,1.0,0.366412213740458,0.0,11.0,48,0.2
"Method B (median, maximum)",-1,0.7789473684210526,0.0,0.0,0.0,0.0,,48,0.2
"Method B (median, median)",-1,0.7789473684210526,0.0,0.0,0.0,0.0,,48,0.2
"Method B (outlier_detection, average)",-1,0.7789473684210526,0.0,0.0,0.0,0.0,,48,0.2
"Method B (outlier_detection, minimum)",6,0.22894736842105262,0.22281167108753316,1.0,0.3644251626898048,0.0,6.0,48,0.2
"Method B (outlier_detection, maximum)",-1,0.7789473684210526,0.0,0.0,0.0,0.0,,48,0.2
"Method B (outlier_detection, median)",579,0.5407894736842105,0.0,0.0,0.0,0.0,579.0,48,0.2
"Method B (average, average)",-1,0.7789473684210526,0.0,0.0,0.0,0.0,,48,0.4
"Method B (average, minimum)",10,0.23421052631578948,0.224,1.0,0.3660130718954248,0.0,10.0,48,0.4
"Method B (average, maximum)",-1,0.7789473684210526,0.0,0.0,0.0,0.0,,48,0.4
"Method B (average, median)",313,0.6328947368421053,0.37583892617449666,1.0,0.5463414634146342,0.0,313.0,48,0.4
"Method B (median, average)",-1,0.7789473684210526,0.0,0.0,0.0,0.0,,48,0.4
"Method B (median, minimum)",36,0.26842105263157895,0.23204419889502761,1.0,0.37668161434977576,0.0,36.0,48,0.4
"Method B (median, maximum)",-1,0.7789473684210526,0.0,0.0,0.0,0.0,,48,0.4
"Method B (median, median)",-1,0.7789473684210526,0.0,0.0,0.0,0.0,,48,0.4
"Method B (outlier_detection, average)",-1,0.7789473684210526,0.0,0.0,0.0,0.0,,48,0.4
"Method B (outlier_detection, minimum)",10,0.23421052631578948,0.224,1.0,0.3660130718954248,0.0,10.0,48,0.4
"Method B (outlier_detection, maximum)",-1,0.7789473684210526,0.0,0.0,0.0,0.0,,48,0.4
"Method B (outlier_detection, median)",339,0.6907894736842105,0.41687344913151364,1.0,0.5884413309982487,0.0,339.0,48,0.4
"Method B (average, average)",-1,0.7469879518072289,0.0,0.0,0.0,0.0,,96,0.01
"Method B (average, minimum)",0,0.25301204819277107,0.25301204819277107,1.0,0.40384615384615385,0.0,0.0,96,0.01
"Method B (average, maximum)",-1,0.7469879518072289,0.0,0.0,0.0,0.0,,96,0.01
"Method B (average, median)",-1,0.7469879518072289,0.0,0.0,0.0,0.0,,96,0.01
"Method B (median, average)",581,0.6219879518072289,0.0,0.0,0.0,0.0,581.0,96,0.01
"Method B (median, minimum)",0,0.25301204819277107,0.25301204819277107,1.0,0.40384615384615385,0.0,0.0,96,0.01
"Method B (median, maximum)",-1,0.7469879518072289,0.0,0.0,0.0,0.0,,96,0.01
"Method B (median, median)",-1,0.7469879518072289,0.0,0.0,0.0,0.0,,96,0.01
"Method B (outlier_detection, average)",-1,0.7469879518072289,0.0,0.0,0.0,0.0,,96,0.01
"Method B (outlier_detection, minimum)",0,0.25301204819277107,0.25301204819277107,1.0,0.40384615384615385,0.0,0.0,96,0.01
"Method B (outlier_detection, maximum)",-1,0.7469879518072289,0.0,0.0,0.0,0.0,,96,0.01
"Method B (outlier_detection, median)",-1,0.7469879518072289,0.0,0.0,0.0,0.0,,96,0.01
"Method B (average, average)",-1,0.7469879518072289,0.0,0.0,0.0,0.0,,96,0.05
"Method B (average, minimum)",0,0.25301204819277107,0.25301204819277107,1.0,0.40384615384615385,0.0,0.0,96,0.05
"Method B (average, maximum)",-1,0.7469879518072289,0.0,0.0,0.0,0.0,,96,0.05
"Method B (average, median)",-1,0.7469879518072289,0.0,0.0,0.0,0.0,,96,0.05
"Method B (median, average)",552,0.5783132530120482,0.0,0.0,0.0,0.0,552.0,96,0.05
"Method B (median, minimum)",0,0.25301204819277107,0.25301204819277107,1.0,0.40384615384615385,0.0,0.0,96,0.05
"Method B (median, maximum)",-1,0.7469879518072289,0.0,0.0,0.0,0.0,,96,0.05
"Method B (median, median)",-1,0.7469879518072289,0.0,0.0,0.0,0.0,,96,0.05
"Method B (outlier_detection, average)",-1,0.7469879518072289,0.0,0.0,0.0,0.0,,96,0.05
"Method B (outlier_detection, minimum)",0,0.25301204819277107,0.25301204819277107,1.0,0.40384615384615385,0.0,0.0,96,0.05
"Method B (outlier_detection, maximum)",-1,0.7469879518072289,0.0,0.0,0.0,0.0,,96,0.05
"Method B (outlier_detection, median)",-1,0.7469879518072289,0.0,0.0,0.0,0.0,,96,0.05
"Method B (average, average)",-1,0.7469879518072289,0.0,0.0,0.0,0.0,,96,0.1
"Method B (average, minimum)",0,0.25301204819277107,0.25301204819277107,1.0,0.40384615384615385,0.0,0.0,96,0.1
"Method B (average, maximum)",-1,0.7469879518072289,0.0,0.0,0.0,0.0,,96,0.1
"Method B (average, median)",638,0.7078313253012049,0.0,0.0,0.0,0.0,638.0,96,0.1
"Method B (median, average)",-1,0.7469879518072289,0.0,0.0,0.0,0.0,,96,0.1
"Method B (median, minimum)",0,0.25301204819277107,0.25301204819277107,1.0,0.40384615384615385,0.0,0.0,96,0.1
"Method B (median, maximum)",-1,0.7469879518072289,0.0,0.0,0.0,0.0,,96,0.1
"Method B (median, median)",-1,0.7469879518072289,0.0,0.0,0.0,0.0,,96,0.1
"Method B (outlier_detection, average)",-1,0.7469879518072289,0.0,0.0,0.0,0.0,,96,0.1
"Method B (outlier_detection, minimum)",0,0.25301204819277107,0.25301204819277107,1.0,0.40384615384615385,0.0,0.0,96,0.1
"Method B (outlier_detection, maximum)",-1,0.7469879518072289,0.0,0.0,0.0,0.0,,96,0.1
"Method B (outlier_detection, median)",638,0.7078313253012049,0.0,0.0,0.0,0.0,638.0,96,0.1
"Method B (average, average)",-1,0.7469879518072289,0.0,0.0,0.0,0.0,,96,0.2
"Method B (average, minimum)",0,0.25301204819277107,0.25301204819277107,1.0,0.40384615384615385,0.0,0.0,96,0.2
"Method B (average, maximum)",-1,0.7469879518072289,0.0,0.0,0.0,0.0,,96,0.2
"Method B (average, median)",347,0.5707831325301205,0.31545741324921134,0.5952380952380952,0.41237113402061853,0.0,347.0,96,0.2
"Method B (median, average)",-1,0.7469879518072289,0.0,0.0,0.0,0.0,,96,0.2
"Method B (median, minimum)",0,0.25301204819277107,0.25301204819277107,1.0,0.40384615384615385,0.0,0.0,96,0.2
"Method B (median, maximum)",-1,0.7469879518072289,0.0,0.0,0.0,0.0,,96,0.2
"Method B (median, median)",-1,0.7469879518072289,0.0,0.0,0.0,0.0,,96,0.2
"Method B (outlier_detection, average)",-1,0.7469879518072289,0.0,0.0,0.0,0.0,,96,0.2
"Method B (outlier_detection, minimum)",0,0.25301204819277107,0.25301204819277107,1.0,0.40384615384615385,0.0,0.0,96,0.2
"Method B (outlier_detection, maximum)",-1,0.7469879518072289,0.0,0.0,0.0,0.0,,96,0.2
"Method B (outlier_detection, median)",347,0.5707831325301205,0.31545741324921134,0.5952380952380952,0.41237113402061853,0.0,347.0,96,0.2
"Method B (average, average)",-1,0.7469879518072289,0.0,0.0,0.0,0.0,,96,0.4
"Method B (average, minimum)",0,0.25301204819277107,0.25301204819277107,1.0,0.40384615384615385,0.0,0.0,96,0.4
"Method B (average, maximum)",-1,0.7469879518072289,0.0,0.0,0.0,0.0,,96,0.4
"Method B (average, median)",16,0.27710843373493976,0.25925925925925924,1.0,0.4117647058823529,0.0,16.0,96,0.4
"Method B (median, average)",-1,0.7469879518072289,0.0,0.0,0.0,0.0,,96,0.4
"Method B (median, minimum)",0,0.25301204819277107,0.25301204819277107,1.0,0.40384615384615385,0.0,0.0,96,0.4
"Method B (median, maximum)",-1,0.7469879518072289,0.0,0.0,0.0,0.0,,96,0.4
"Method B (median, median)",-1,0.7469879518072289,0.0,0.0,0.0,0.0,,96,0.4
"Method B (outlier_detection, average)",-1,0.7469879518072289,0.0,0.0,0.0,0.0,,96,0.4
"Method B (outlier_detection, minimum)",0,0.25301204819277107,0.25301204819277107,1.0,0.40384615384615385,0.0,0.0,96,0.4
"Method B (outlier_detection, maximum)",-1,0.7469879518072289,0.0,0.0,0.0,0.0,,96,0.4
"Method B (outlier_detection, median)",16,0.697289156626506,0.0,0.0,0.0,0.0,16.0,96,0.4
